{"status":"done","publicPath":"/static/bundles/","chunks":{"null":[{"name":"static/js/9.e9ba56c0.chunk.js","publicPath":"/static/bundles/static/js/9.e9ba56c0.chunk.js","path":"D:\\Rahul\\project\\Bebo\\backend\\app\\static\\bundles\\static\\js\\9.e9ba56c0.chunk.js"},{"name":"static/js/9.e9ba56c0.chunk.js.map","publicPath":"/static/bundles/static/js/9.e9ba56c0.chunk.js.map","path":"D:\\Rahul\\project\\Bebo\\backend\\app\\static\\bundles\\static\\js\\9.e9ba56c0.chunk.js.map"}],"main":[{"name":"static/js/main.9e733997.js","publicPath":"/static/bundles/static/js/main.9e733997.js","path":"D:\\Rahul\\project\\Bebo\\backend\\app\\static\\bundles\\static\\js\\main.9e733997.js"},{"name":"static/css/main.55ce2797.css","publicPath":"/static/bundles/static/css/main.55ce2797.css","path":"D:\\Rahul\\project\\Bebo\\backend\\app\\static\\bundles\\static\\css\\main.55ce2797.css"},{"name":"static/js/main.9e733997.js.map","publicPath":"/static/bundles/static/js/main.9e733997.js.map","path":"D:\\Rahul\\project\\Bebo\\backend\\app\\static\\bundles\\static\\js\\main.9e733997.js.map"},{"name":"static/css/main.55ce2797.css.map","publicPath":"/static/bundles/static/css/main.55ce2797.css.map","path":"D:\\Rahul\\project\\Bebo\\backend\\app\\static\\bundles\\static\\css\\main.55ce2797.css.map"}]}}